<?xml version="1.0" encoding="UTF-8"?>
<assembly xmlns="http://maven.apache.org/plugins/maven-assembly-plugin/assembly/1.1.2"
          xmlns:xsi="http://www.w3.org/2001/XMLSchema-instance"
          xsi:schemaLocation="http://maven.apache.org/plugins/maven-assembly-plugin/assembly/1.1.2 http://maven.apache.org/xsd/assembly-1.1.2.xsd">
  <id>bin</id>
  <formats>
    <format>zip</format>
  </formats>
  <includeBaseDirectory>true</includeBaseDirectory>
  <fileSets>
    <fileSet>
      <directory>src/main/assembly/bin</directory>
      <outputDirectory>bin</outputDirectory>
      <includes>
        <include>sonar-scanner.bat</include>
        <include>sonar-scanner-debug.bat</include>
      </includes>
      <lineEnding>dos</lineEnding>
      <filtered>true</filtered>
    </fileSet>
    <fileSet>
      <directory>src/main/assembly/bin</directory>
      <outputDirectory>bin</outputDirectory>
      <includes>
        <include>sonar-scanner</include>
        <include>sonar-scanner-debug</include>
      </includes>
      <lineEnding>unix</lineEnding>
      <fileMode>0755</fileMode>
      <filtered>true</filtered>
    </fileSet>
    <fileSet>
      <directory>src/main/assembly/conf</directory>
      <outputDirectory>conf</outputDirectory>
      <fileMode>0644</fileMode>
      <lineEnding>dos</lineEnding>
    </fileSet>
    <fileSet>
      <directory>${project.build.directory}</directory>
      <outputDirectory>lib</outputDirectory>
      <includes>
        <include>${project.build.finalName}.jar</include>
      </includes>
    </fileSet>
  </fileSets>
</assembly>
